A_PB2	6	G	A
A_PB2	18	G	A
A_PB2	21	G	A
A_PB2	22	A	C
A_PB2	24	A	G
A_PB2	25	G	A
A_PB2	42	C	T
A_PB2	48	T	C
A_PB2	63	T	A
A_PB2	66	G	A
A_PB2	72	T	A
A_PB2	72	T	C
A_PB2	93	C	T
A_PB2	96	A	G
A_PB2	111	A	G
A_PB2	114	G	A
A_PB2	117	A	G
A_PB2	120	G	A
A_PB2	129	C	A
A_PB2	135	C	T
A_PB2	138	A	G
A_PB2	144	G	A
A_PB2	165	C	T
A_PB2	174	G	A
A_PB2	177	A	T
A_PB2	186	A	G
A_PB2	191	T	C
A_PB2	195	C	A
A_PB2	198	A	G
A_PB2	201	C	T
A_PB2	204	A	T
A_PB2	210	G	A
A_PB2	216	A	G
A_PB2	228	C	T
A_PB2	231	C	A
A_PB2	242	C	T
A_PB2	243	A	G
A_PB2	246	C	T
A_PB2	252	T	C
A_PB2	261	C	T
A_PB2	285	C	T
A_PB2	288	A	G
A_PB2	309	C	A
A_PB2	314	C	T
A_PB2	320	G	A
A_PB2	362	A	G
A_PB2	363	G	A
A_PB2	375	G	A
A_PB2	402	C	T
A_PB2	405	C	T
A_PB2	450	C	T
A_PB2	459	T	C
A_PB2	471	G	A
A_PB2	480	G	A
A_PB2	486	G	A
A_PB2	504	C	T
A_PB2	507	A	C
A_PB2	507	A	T
A_PB2	510	T	C
A_PB2	519	G	A
A_PB2	522	A	C
A_PB2	525	A	G
A_PB2	531	G	A
A_PB2	540	G	A
A_PB2	549	G	A
A_PB2	550	G	A
A_PB2	558	A	C
A_PB2	576	G	A
A_PB2	583	A	G
A_PB2	588	T	C
A_PB2	595	G	T
A_PB2	600	C	T
A_PB2	609	G	T
A_PB2	612	G	A
A_PB2	619	C	T
A_PB2	621	A	G
A_PB2	624	A	G
A_PB2	631	T	C
A_PB2	639	T	C
A_PB2	645	A	G
A_PB2	648	G	A
A_PB2	651	T	C
A_PB2	657	G	A
A_PB2	663	C	T
A_PB2	669	G	A
A_PB2	673	G	A
A_PB2	684	T	C
A_PB2	690	G	A
A_PB2	699	C	T
A_PB2	702	A	G
A_PB2	705	C	T
A_PB2	711	G	A
A_PB2	714	G	A
A_PB2	723	G	A
A_PB2	744	A	G
A_PB2	753	A	G
A_PB2	768	C	T
A_PB2	783	C	T
A_PB2	792	A	G
A_PB2	825	C	T
A_PB2	829	T	C
A_PB2	838	C	T
A_PB2	883	A	G
A_PB2	891	C	T
A_PB2	903	T	C
A_PB2	906	A	G
A_PB2	912	G	A
A_PB2	915	G	A
A_PB2	921	C	T
A_PB2	924	A	G
A_PB2	927	C	T
A_PB2	939	A	T
A_PB2	945	A	G
A_PB2	948	G	A
A_PB2	954	G	A
A_PB2	966	T	C
A_PB2	972	T	C
A_PB2	981	G	C
A_PB2	984	C	T
A_PB2	987	T	A
A_PB2	990	C	T
A_PB2	996	G	A
A_PB2	1005	A	G
A_PB2	1008	A	G
A_PB2	1012	G	A
A_PB2	1017	G	A
A_PB2	1019	A	G
A_PB2	1023	A	G
A_PB2	1029	A	G
A_PB2	1030	A	G
A_PB2	1035	A	T
A_PB2	1044	C	T
A_PB2	1054	C	T
A_PB2	1060	T	A
A_PB2	1074	A	G
A_PB2	1086	A	G
A_PB2	1116	T	C
A_PB2	1119	T	A
A_PB2	1128	G	A
A_PB2	1146	C	T
A_PB2	1149	A	G
A_PB2	1150	T	C
A_PB2	1152	A	G
A_PB2	1158	A	G
A_PB2	1161	C	T
A_PB2	1173	G	A
A_PB2	1179	A	G
A_PB2	1185	T	C
A_PB2	1212	C	T
A_PB2	1227	C	T
A_PB2	1233	C	A
A_PB2	1236	G	A
A_PB2	1245	G	A
A_PB2	1248	C	T
A_PB2	1257	C	T
A_PB2	1260	T	C
A_PB2	1272	A	G
A_PB2	1275	C	T
A_PB2	1278	G	A
A_PB2	1279	A	C
A_PB2	1282	C	T
A_PB2	1290	C	T
A_PB2	1296	C	T
A_PB2	1302	C	T
A_PB2	1305	G	A
A_PB2	1308	G	A
A_PB2	1314	C	T
A_PB2	1317	A	G
A_PB2	1320	A	G
A_PB2	1326	A	G
A_PB2	1338	C	T
A_PB2	1341	G	A
A_PB2	1344	C	T
A_PB2	1351	A	G
A_PB2	1357	A	C
A_PB2	1359	C	T
A_PB2	1383	C	T
A_PB2	1386	A	G
A_PB2	1390	C	T
A_PB2	1404	C	T
A_PB2	1422	A	G
A_PB2	1423	C	A
A_PB2	1446	G	A
A_PB2	1452	A	T
A_PB2	1455	A	G
A_PB2	1473	G	A
A_PB2	1479	A	G
A_PB2	1485	A	G
A_PB2	1491	T	C
A_PB2	1500	A	G
A_PB2	1509	G	A
A_PB2	1513	A	C
A_PB2	1518	T	C
A_PB2	1522	A	C
A_PB2	1527	G	A
A_PB2	1530	C	T
A_PB2	1534	C	T
A_PB2	1537	T	C
A_PB2	1539	G	A
A_PB2	1545	C	T
A_PB2	1548	A	G
A_PB2	1551	A	G
A_PB2	1563	G	A
A_PB2	1566	A	G
A_PB2	1572	T	A
A_PB2	1578	G	A
A_PB2	1579	T	C
A_PB2	1593	T	C
A_PB2	1596	G	A
A_PB2	1599	A	G
A_PB2	1617	C	T
A_PB2	1623	C	T
A_PB2	1636	C	T
A_PB2	1638	A	G
A_PB2	1644	C	T
A_PB2	1647	T	C
A_PB2	1659	A	C
A_PB2	1676	T	C
A_PB2	1680	G	T
A_PB2	1689	A	G
A_PB2	1695	A	C
A_PB2	1698	A	G
A_PB2	1699	G	A
A_PB2	1704	C	T
A_PB2	1711	T	C
A_PB2	1719	C	T
A_PB2	1747	C	T
A_PB2	1749	T	A
A_PB2	1752	C	A
A_PB2	1761	A	C
A_PB2	1764	C	T
A_PB2	1772	G	A
A_PB2	1782	A	G
A_PB2	1785	C	T
A_PB2	1791	G	A
A_PB2	1794	A	T
A_PB2	1803	G	A
A_PB2	1810	C	A
A_PB2	1818	G	A
A_PB2	1833	C	T
A_PB2	1836	T	C
A_PB2	1838	T	C
A_PB2	1839	C	A
A_PB2	1842	A	G
A_PB2	1851	A	G
A_PB2	1857	C	T
A_PB2	1860	C	T
A_PB2	1863	T	C
A_PB2	1866	T	A
A_PB2	1869	T	C
A_PB2	1878	A	G
A_PB2	1879	G	A
A_PB2	1881	A	G
A_PB2	1884	G	A
A_PB2	1887	C	T
A_PB2	1890	G	A
A_PB2	1896	A	G
A_PB2	1899	T	C
A_PB2	1902	T	C
A_PB2	1906	T	C
A_PB2	1908	G	T
A_PB2	1923	A	G
A_PB2	1944	G	T
A_PB2	1950	A	G
A_PB2	1962	A	T
A_PB2	1971	T	C
A_PB2	1983	A	C
A_PB2	1990	C	A
A_PB2	1995	T	C
A_PB2	1998	G	A
A_PB2	2004	T	C
A_PB2	2016	A	T
A_PB2	2019	T	C
A_PB2	2020	G	A
A_PB2	2022	A	T
A_PB2	2025	G	A
A_PB2	2034	T	C
A_PB2	2050	T	G
A_PB2	2055	G	A
A_PB2	2064	T	C
A_PB2	2070	C	T
A_PB2	2076	A	G
A_PB2	2082	T	C
A_PB2	2089	T	C
A_PB2	2091	A	G
A_PB2	2115	C	G
A_PB2	2122	T	C
A_PB2	2125	A	C
A_PB2	2142	C	T
A_PB2	2144	A	G
A_PB2	2145	T	C
A_PB2	2151	A	G
A_PB2	2154	A	G
A_PB2	2160	G	A
A_PB2	2163	A	G
A_PB2	2172	G	A
A_PB2	2184	G	A
A_PB2	2187	G	A
A_PB2	2191	A	G
A_PB2	2193	A	G
A_PB2	2197	C	T
A_PB2	2211	A	G
A_PB2	2213	A	G
A_PB2	2241	C	A
A_PB1	19	C	T
A_PB1	28	C	T
A_PB1	30	A	G
A_PB1	34	A	G
A_PB1	42	A	G
A_PB1	60	C	A
A_PB1	81	T	C
A_PB1	96	T	C
A_PB1	99	A	G
A_PB1	111	A	G
A_PB1	129	A	C
A_PB1	129	A	G
A_PB1	141	C	T
A_PB1	147	C	T
A_PB1	153	A	G
A_PB1	155	A	G
A_PB1	156	G	A
A_PB1	162	G	A
A_PB1	174	C	T
A_PB1	180	G	A
A_PB1	186	T	G
A_PB1	189	A	G
A_PB1	195	G	A
A_PB1	198	C	A
A_PB1	204	G	A
A_PB1	210	C	T
A_PB1	225	A	G
A_PB1	231	T	C
A_PB1	234	A	G
A_PB1	243	G	A
A_PB1	246	T	C
A_PB1	264	T	C
A_PB1	267	A	G
A_PB1	279	T	C
A_PB1	282	T	C
A_PB1	288	A	G
A_PB1	297	T	C
A_PB1	303	A	T
A_PB1	306	A	C
A_PB1	315	T	C
A_PB1	318	A	C
A_PB1	338	T	C
A_PB1	339	T	C
A_PB1	348	A	G
A_PB1	354	A	G
A_PB1	357	A	G
A_PB1	360	T	C
A_PB1	366	G	A
A_PB1	369	T	C
A_PB1	378	C	T
A_PB1	384	T	C
A_PB1	390	T	C
A_PB1	405	A	G
A_PB1	429	G	A
A_PB1	447	T	C
A_PB1	459	T	C
A_PB1	461	A	G
A_PB1	462	C	A
A_PB1	463	C	T
A_PB1	474	C	T
A_PB1	477	G	A
A_PB1	499	T	C
A_PB1	501	A	C
A_PB1	523	A	G
A_PB1	525	C	T
A_PB1	528	A	G
A_PB1	537	A	G
A_PB1	549	C	A
A_PB1	567	G	A
A_PB1	576	A	G
A_PB1	594	G	A
A_PB1	603	G	A
A_PB1	627	A	G
A_PB1	634	C	G
A_PB1	639	T	C
A_PB1	646	G	A
A_PB1	664	C	T
A_PB1	672	A	G
A_PB1	675	T	C
A_PB1	687	A	G
A_PB1	705	G	A
A_PB1	723	C	T
A_PB1	732	T	C
A_PB1	741	G	A
A_PB1	750	T	G
A_PB1	756	A	G
A_PB1	762	T	C
A_PB1	772	T	C
A_PB1	780	G	A
A_PB1	804	G	A
A_PB1	810	G	A
A_PB1	813	C	T
A_PB1	822	G	A
A_PB1	825	C	T
A_PB1	844	T	C
A_PB1	885	T	C
A_PB1	892	A	C
A_PB1	942	T	C
A_PB1	945	T	C
A_PB1	978	C	A
A_PB1	980	G	A
A_PB1	990	C	T
A_PB1	993	G	A
A_PB1	999	T	C
A_PB1	1017	G	C
A_PB1	1023	C	A
A_PB1	1038	T	C
A_PB1	1047	A	G
A_PB1	1053	A	G
A_PB1	1062	G	A
A_PB1	1080	A	G
A_PB1	1081	G	A
A_PB1	1090	A	C
A_PB1	1092	T	C
A_PB1	1095	A	G
A_PB1	1107	A	T
A_PB1	1131	T	C
A_PB1	1157	A	G
A_PB1	1186	T	C
A_PB1	1191	G	A
A_PB1	1207	C	T
A_PB1	1212	T	C
A_PB1	1218	G	A
A_PB1	1251	G	A
A_PB1	1254	C	T
A_PB1	1257	G	A
A_PB1	1329	A	C
A_PB1	1332	C	A
A_PB1	1344	T	C
A_PB1	1365	C	T
A_PB1	1371	A	G
A_PB1	1392	C	T
A_PB1	1401	C	T
A_PB1	1404	G	A
A_PB1	1414	T	C
A_PB1	1419	G	C
A_PB1	1428	C	T
A_PB1	1437	A	G
A_PB1	1457	A	G
A_PB1	1458	G	A
A_PB1	1464	G	A
A_PB1	1479	A	T
A_PB1	1494	C	A
A_PB1	1509	T	C
A_PB1	1527	A	G
A_PB1	1530	C	A
A_PB1	1533	C	T
A_PB1	1548	A	G
A_PB1	1549	G	A
A_PB1	1551	A	T
A_PB1	1554	T	C
A_PB1	1557	A	G
A_PB1	1566	C	T
A_PB1	1572	T	C
A_PB1	1608	C	T
A_PB1	1623	T	A
A_PB1	1629	G	A
A_PB1	1632	T	C
A_PB1	1635	G	A
A_PB1	1644	T	C
A_PB1	1648	T	C
A_PB1	1659	A	G
A_PB1	1662	C	T
A_PB1	1671	C	T
A_PB1	1674	A	G
A_PB1	1678	A	C
A_PB1	1686	T	C
A_PB1	1689	G	A
A_PB1	1704	T	C
A_PB1	1707	G	A
A_PB1	1713	A	G
A_PB1	1722	T	C
A_PB1	1726	T	A
A_PB1	1726	T	C
A_PB1	1728	G	A
A_PB1	1737	A	G
A_PB1	1743	T	G
A_PB1	1751	A	G
A_PB1	1757	A	G
A_PB1	1759	G	A
A_PB1	1760	T	C
A_PB1	1764	G	A
A_PB1	1770	A	G
A_PB1	1773	A	T
A_PB1	1782	A	G
A_PB1	1788	A	G
A_PB1	1800	C	T
A_PB1	1803	A	C
A_PB1	1818	T	C
A_PB1	1836	A	G
A_PB1	1845	A	G
A_PB1	1854	T	A
A_PB1	1854	T	G
A_PB1	1855	G	A
A_PB1	1857	T	C
A_PB1	1862	G	A
A_PB1	1890	C	A
A_PB1	1896	G	C
A_PB1	1899	T	C
A_PB1	1905	G	A
A_PB1	1908	G	A
A_PB1	1914	T	A
A_PB1	1914	T	G
A_PB1	1932	G	A
A_PB1	1935	G	A
A_PB1	1944	C	T
A_PB1	1950	C	T
A_PB1	1953	A	G
A_PB1	1959	A	G
A_PB1	1962	C	T
A_PB1	1974	T	C
A_PB1	1977	C	T
A_PB1	1983	T	A
A_PB1	1992	T	C
A_PB1	2007	G	A
A_PB1	2013	T	C
A_PB1	2016	T	C
A_PB1	2025	C	A
A_PB1	2067	C	T
A_PB1	2076	T	C
A_PB1	2082	T	C
A_PB1	2083	T	C
A_PB1	2085	A	G
A_PB1	2103	T	C
A_PB1	2106	C	T
A_PB1	2115	T	C
A_PB1	2118	G	A
A_PB1	2125	G	A
A_PB1	2136	T	C
A_PB1	2181	A	G
A_PB1	2182	G	A
A_PB1	2184	C	T
A_PB1	2190	T	C
A_PB1	2200	C	A
A_PB1	2205	C	T
A_PB1	2211	A	G
A_PB1	2221	T	A
A_PB1	2223	T	C
A_PB1	2256	A	G
A_PA	29	A	G
A_PA	33	A	G
A_PA	39	C	T
A_PA	57	G	A
A_PA	58	G	A
A_PA	69	A	G
A_PA	78	A	G
A_PA	81	T	C
A_PA	83	C	T
A_PA	84	C	G
A_PA	96	T	A
A_PA	99	T	C
A_PA	102	G	A
A_PA	108	T	A
A_PA	114	T	A
A_PA	120	A	T
A_PA	123	T	C
A_PA	132	T	A
A_PA	135	T	C
A_PA	147	G	A
A_PA	153	C	T
A_PA	156	T	C
A_PA	162	T	C
A_PA	163	G	A
A_PA	170	G	A
A_PA	171	G	A
A_PA	174	T	C
A_PA	184	A	G
A_PA	193	T	C
A_PA	194	C	T
A_PA	197	G	A
A_PA	201	C	T
A_PA	223	C	A
A_PA	231	G	A
A_PA	237	T	C
A_PA	240	A	G
A_PA	243	A	G
A_PA	250	C	A
A_PA	254	T	C
A_PA	255	C	A
A_PA	270	G	A
A_PA	273	G	A
A_PA	285	T	C
A_PA	306	G	A
A_PA	309	T	G
A_PA	312	A	G
A_PA	318	T	A
A_PA	321	T	G
A_PA	346	C	A
A_PA	348	G	A
A_PA	354	T	C
A_PA	441	C	T
A_PA	456	A	G
A_PA	462	G	A
A_PA	474	A	G
A_PA	519	T	C
A_PA	525	T	G
A_PA	528	C	T
A_PA	531	T	C
A_PA	551	G	A
A_PA	552	T	C
A_PA	555	G	A
A_PA	556	A	G
A_PA	558	T	C
A_PA	561	A	C
A_PA	597	G	A
A_PA	612	G	A
A_PA	618	G	A
A_PA	621	T	C
A_PA	630	T	A
A_PA	638	A	G
A_PA	663	A	G
A_PA	673	A	T
A_PA	684	C	T
A_PA	687	C	T
A_PA	699	A	G
A_PA	711	G	A
A_PA	722	G	A
A_PA	741	C	T
A_PA	750	A	C
A_PA	762	C	T
A_PA	766	A	C
A_PA	777	A	T
A_PA	780	C	T
A_PA	785	G	A
A_PA	789	G	A
A_PA	879	A	G
A_PA	885	G	A
A_PA	897	G	A
A_PA	935	A	G
A_PA	936	G	A
A_PA	948	C	A
A_PA	957	G	A
A_PA	963	A	T
A_PA	978	T	C
A_PA	981	G	A
A_PA	984	A	G
A_PA	987	C	A
A_PA	988	G	A
A_PA	996	C	A
A_PA	1006	A	C
A_PA	1009	G	T
A_PA	1011	T	A
A_PA	1023	G	A
A_PA	1053	A	G
A_PA	1062	C	T
A_PA	1068	G	A
A_PA	1071	A	T
A_PA	1074	G	A
A_PA	1089	A	G
A_PA	1092	C	T
A_PA	1096	T	C
A_PA	1197	G	A
A_PA	1249	T	C
A_PA	1272	A	G
A_PA	1284	A	T
A_PA	1311	T	C
A_PA	1314	A	T
A_PA	1326	G	A
A_PA	1338	T	C
A_PA	1347	A	G
A_PA	1362	G	A
A_PA	1386	A	G
A_PA	1395	A	T
A_PA	1401	G	T
A_PA	1405	T	C
A_PA	1428	C	A
A_PA	1437	C	T
A_PA	1443	G	A
A_PA	1446	G	A
A_PA	1452	A	C
A_PA	1464	A	G
A_PA	1470	G	A
A_PA	1473	C	T
A_PA	1479	A	G
A_PA	1485	A	G
A_PA	1488	G	A
A_PA	1494	A	C
A_PA	1498	C	T
A_PA	1512	T	C
A_PA	1524	G	A
A_PA	1536	A	G
A_PA	1542	T	C
A_PA	1548	T	C
A_PA	1551	A	G
A_PA	1554	G	A
A_PA	1563	A	G
A_PA	1566	T	C
A_PA	1575	C	T
A_PA	1578	A	T
A_PA	1587	T	C
A_PA	1590	A	G
A_PA	1596	G	T
A_PA	1605	C	T
A_PA	1614	A	G
A_PA	1626	T	C
A_PA	1632	A	G
A_PA	1641	C	T
A_PA	1650	G	A
A_PA	1655	C	G
A_PA	1687	C	T
A_PA	1701	C	A
A_PA	1710	C	A
A_PA	1710	C	T
A_PA	1713	C	A
A_PA	1716	G	A
A_PA	1722	G	A
A_PA	1734	C	A
A_PA	1740	A	G
A_PA	1749	C	T
A_PA	1755	T	C
A_PA	1761	A	G
A_PA	1764	T	A
A_PA	1767	T	C
A_PA	1776	T	C
A_PA	1782	C	T
A_PA	1800	T	C
A_PA	1803	T	A
A_PA	1827	G	A
A_PA	1830	A	G
A_PA	1833	C	T
A_PA	1839	A	G
A_PA	1842	C	T
A_PA	1848	G	A
A_PA	1860	A	C
A_PA	1863	C	T
A_PA	1866	A	G
A_PA	1872	A	C
A_PA	1887	G	A
A_PA	1893	C	T
A_PA	1896	T	C
A_PA	1902	A	G
A_PA	1905	G	A
A_PA	1908	G	C
A_PA	1914	A	G
A_PA	1917	C	T
A_PA	1920	A	G
A_PA	1921	C	T
A_PA	1929	A	G
A_PA	1935	G	A
A_PA	1941	C	T
A_PA	1944	T	C
A_PA	1947	A	G
A_PA	1953	G	A
A_PA	1963	C	T
A_PA	1965	T	A
A_PA	1965	T	G
A_PA	1968	G	A
A_PA	1971	G	A
A_PA	1977	G	A
A_PA	1983	A	G
A_PA	1993	T	C
A_PA	1998	T	C
A_PA	2001	C	T
A_PA	2004	T	C
A_PA	2013	A	T
A_PA	2025	C	T
A_PA	2028	G	T
A_PA	2037	A	G
A_PA	2043	C	T
A_PA	2044	G	A
A_PA	2051	G	A
A_PA	2070	C	T
A_PA	2106	T	C
A_PA	2112	A	G
A_PA	2112	A	T
A_PA	2115	T	G
A_PA	2133	C	A
A_PA	2133	C	G
A_PA	2133	C	T
A_PA	2143	C	T
A_HA_H1	167	A	G
A_HA_H1	207	G	A
A_HA_H1	435	G	A
A_HA_H1	836	G	A
A_HA_H1	1258	A	G
A_HA_H1	1303	A	G
A_HA_H1	1366	G	A
A_HA_H1	1483	A	C
A_NP	9	T	C
A_NP	24	A	G
A_NP	27	A	T
A_NP	30	T	C
A_NP	36	A	G
A_NP	42	G	A
A_NP	47	G	A
A_NP	51	G	A
A_NP	54	G	A
A_NP	54	G	T
A_NP	61	G	A
A_NP	64	A	G
A_NP	66	C	A
A_NP	69	A	T
A_NP	72	A	G
A_NP	75	C	T
A_NP	78	A	G
A_NP	84	T	C
A_NP	87	T	C
A_NP	90	A	G
A_NP	92	G	A
A_NP	93	A	G
A_NP	101	G	A
A_NP	108	C	T
A_NP	111	G	A
A_NP	112	A	C
A_NP	135	T	C
A_NP	141	C	T
A_NP	154	T	C
A_NP	159	T	A
A_NP	159	T	G
A_NP	162	A	G
A_NP	165	A	G
A_NP	166	C	T
A_NP	168	A	G
A_NP	174	G	A
A_NP	177	T	C
A_NP	181	A	T
A_NP	183	A	G
A_NP	194	G	A
A_NP	195	G	A
A_NP	201	G	A
A_NP	204	T	C
A_NP	216	T	C
A_NP	219	G	A
A_NP	222	A	G
A_NP	225	A	G
A_NP	234	C	T
A_NP	237	A	G
A_NP	243	G	A
A_NP	246	T	C
A_NP	249	A	C
A_NP	252	T	C
A_NP	255	T	G
A_NP	261	G	A
A_NP	264	C	T
A_NP	267	T	C
A_NP	276	A	T
A_NP	279	A	G
A_NP	282	A	G
A_NP	288	C	A
A_NP	291	T	C
A_NP	298	A	G
A_NP	303	C	T
A_NP	309	A	G
A_NP	314	C	T
A_NP	318	A	G
A_NP	325	A	G
A_NP	352	A	C
A_NP	355	G	A
A_NP	357	T	C
A_NP	369	A	C
A_NP	369	A	T
A_NP	372	C	T
A_NP	378	C	T
A_NP	381	A	C
A_NP	381	A	G
A_NP	381	A	T
A_NP	387	A	T
A_NP	389	C	A
A_NP	390	A	G
A_NP	391	G	T
A_NP	393	A	T
A_NP	399	T	A
A_NP	399	T	G
A_NP	405	T	C
A_NP	408	C	A
A_NP	408	C	G
A_NP	414	T	C
A_NP	426	C	T
A_NP	427	C	T
A_NP	438	C	A
A_NP	441	A	G
A_NP	441	A	T
A_NP	444	T	C
A_NP	459	A	T
A_NP	468	C	G
A_NP	471	T	C
A_NP	486	A	G
A_NP	498	A	G
A_NP	504	A	G
A_NP	507	T	C
A_NP	510	A	G
A_NP	513	A	T
A_NP	516	T	C
A_NP	519	C	T
A_NP	522	A	G
A_NP	528	T	C
A_NP	531	T	A
A_NP	534	C	T
A_NP	549	A	C
A_NP	556	G	A
A_NP	558	T	C
A_NP	567	A	G
A_NP	569	C	T
A_NP	570	T	G
A_NP	576	G	A
A_NP	577	T	C
A_NP	579	A	G
A_NP	585	A	G
A_NP	589	A	G
A_NP	597	T	G
A_NP	600	A	G
A_NP	606	T	C
A_NP	609	C	T
A_NP	612	A	G
A_NP	615	T	C
A_NP	618	C	T
A_NP	624	G	A
A_NP	636	A	G
A_NP	639	A	G
A_NP	641	G	A
A_NP	642	G	A
A_NP	649	G	A
A_NP	650	T	G
A_NP	660	A	G
A_NP	672	T	C
A_NP	675	C	T
A_NP	678	C	T
A_NP	684	A	G
A_NP	696	A	G
A_NP	696	A	T
A_NP	702	C	A
A_NP	705	G	A
A_NP	707	G	A
A_NP	708	G	A
A_NP	715	A	G
A_NP	726	A	G
A_NP	726	A	T
A_NP	735	T	C
A_NP	738	A	G
A_NP	747	A	G
A_NP	750	C	T
A_NP	759	T	C
A_NP	765	C	T
A_NP	771	T	A
A_NP	774	C	T
A_NP	775	C	T
A_NP	777	G	A
A_NP	781	C	A
A_NP	783	G	A
A_NP	786	A	T
A_NP	792	C	G
A_NP	795	T	A
A_NP	796	C	T
A_NP	813	A	T
A_NP	816	T	C
A_NP	822	C	T
A_NP	828	G	A
A_NP	834	T	C
A_NP	839	T	C
A_NP	840	G	A
A_NP	846	G	A
A_NP	848	T	C
A_NP	852	A	C
A_NP	856	G	T
A_NP	858	A	C
A_NP	864	C	T
A_NP	865	C	T
A_NP	867	T	C
A_NP	879	G	A
A_NP	882	A	G
A_NP	885	G	A
A_NP	891	A	C
A_NP	897	C	G
A_NP	900	G	A
A_NP	906	C	T
A_NP	909	A	T
A_NP	916	T	C
A_NP	918	A	G
A_NP	921	C	T
A_NP	930	T	C
A_NP	936	G	A
A_NP	937	G	T
A_NP	938	T	A
A_NP	945	G	A
A_NP	948	G	C
A_NP	954	A	T
A_NP	960	A	G
A_NP	969	T	A
A_NP	981	A	G
A_NP	982	T	C
A_NP	987	A	G
A_NP	1002	C	T
A_NP	1021	T	C
A_NP	1027	G	T
A_NP	1029	A	G
A_NP	1031	C	T
A_NP	1035	T	C
A_NP	1041	A	C
A_NP	1047	A	G
A_NP	1049	A	C
A_NP	1050	G	A
A_NP	1062	A	T
A_NP	1063	A	C
A_NP	1065	A	G
A_NP	1068	A	G
A_NP	1071	G	A
A_NP	1074	T	G
A_NP	1077	C	A
A_NP	1080	A	T
A_NP	1086	G	A
A_NP	1089	T	A
A_NP	1092	G	A
A_NP	1107	G	A
A_NP	1110	T	C
A_NP	1111	G	A
A_NP	1119	C	T
A_NP	1125	C	A
A_NP	1128	C	A
A_NP	1130	A	G
A_NP	1134	C	A
A_NP	1134	C	T
A_NP	1137	G	T
A_NP	1143	A	G
A_NP	1150	A	G
A_NP	1152	A	G
A_NP	1167	A	G
A_NP	1173	G	A
A_NP	1179	A	G
A_NP	1185	T	C
A_NP	1188	C	T
A_NP	1199	A	G
A_NP	1203	A	C
A_NP	1206	C	T
A_NP	1209	A	G
A_NP	1212	C	T
A_NP	1215	G	A
A_NP	1217	T	C
A_NP	1221	T	C
A_NP	1222	G	A
A_NP	1224	G	A
A_NP	1227	G	A
A_NP	1231	A	G
A_NP	1233	A	G
A_NP	1236	C	T
A_NP	1239	A	T
A_NP	1242	G	A
A_NP	1245	G	A
A_NP	1246	C	A
A_NP	1251	T	C
A_NP	1257	T	A
A_NP	1263	A	C
A_NP	1265	G	A
A_NP	1266	A	G
A_NP	1267	G	A
A_NP	1267	G	C
A_NP	1267	G	T
A_NP	1273	G	A
A_NP	1275	T	C
A_NP	1289	G	A
A_NP	1289	G	C
A_NP	1290	C	T
A_NP	1296	C	T
A_NP	1298	A	C
A_NP	1299	T	A
A_NP	1299	T	C
A_NP	1299	T	G
A_NP	1302	A	G
A_NP	1305	A	G
A_NP	1306	C	A
A_NP	1308	G	A
A_NP	1314	C	A
A_NP	1314	C	T
A_NP	1321	C	A
A_NP	1323	A	G
A_NP	1324	A	G
A_NP	1326	A	C
A_NP	1330	G	A
A_NP	1332	T	C
A_NP	1338	A	G
A_NP	1348	A	G
A_NP	1355	A	G
A_NP	1356	G	A
A_NP	1362	G	A
A_NP	1365	T	A
A_NP	1366	T	A
A_NP	1366	T	G
A_NP	1371	C	A
A_NP	1371	C	T
A_NP	1376	A	G
A_NP	1381	C	A
A_NP	1389	C	T
A_NP	1401	G	A
A_NP	1407	A	G
A_NP	1414	A	G
A_NP	1418	A	G
A_NP	1431	T	C
A_NP	1434	C	T
A_NP	1440	C	T
A_NP	1455	G	A
A_NP	1488	T	C
A_NA_N1	180	C	T
A_NA_N1	377	C	A
A_NA_N1	393	C	T
A_NA_N1	466	C	A
A_NA_N1	487	A	G
A_NA_N1	497	T	C
A_NA_N1	504	T	C
A_NA_N1	528	A	T
A_NA_N1	531	C	T
A_NA_N1	552	T	C
A_NA_N1	563	T	C
A_NA_N1	566	A	G
A_NA_N1	571	C	T
A_NA_N1	573	A	G
A_NA_N1	579	T	C
A_NA_N1	588	T	A
A_NA_N1	591	C	T
A_NA_N1	597	C	T
A_NA_N1	599	G	A
A_NA_N1	603	G	A
A_NA_N1	606	A	T
A_NA_N1	615	G	A
A_NA_N1	621	G	A
A_NA_N1	645	T	C
A_NA_N1	666	T	C
A_NA_N1	670	T	C
A_NA_N1	678	A	T
A_NA_N1	708	T	C
A_NA_N1	720	C	T
A_NA_N1	721	A	G
A_NA_N1	729	C	T
A_NA_N1	747	A	G
A_NA_N1	753	C	A
A_NA_N1	770	G	A
A_NA_N1	774	A	G
A_NA_N1	792	C	T
A_NA_N1	805	A	T
A_NA_N1	810	A	T
A_NA_N1	885	C	T
A_NA_N1	897	G	A
A_NA_N1	901	C	A
A_NA_N1	903	A	G
A_NA_N1	906	G	A
A_NA_N1	912	G	A
A_NA_N1	921	C	T
A_NA_N1	924	G	A
A_NA_N1	928	C	T
A_NA_N1	933	A	G
A_NA_N1	939	G	A
A_NA_N1	942	G	A
A_NA_N1	948	C	T
A_NA_N1	960	G	A
A_NA_N1	984	T	C
A_NA_N1	991	A	G
A_NA_N1	992	A	G
A_NA_N1	993	G	A
A_NA_N1	999	C	T
A_NA_N1	1011	A	G
A_NA_N1	1014	A	G
A_NA_N1	1017	G	C
A_NA_N1	1018	T	C
A_NA_N1	1023	T	C
A_NA_N1	1026	A	G
A_NA_N1	1030	A	T
A_NA_N1	1035	A	G
A_NA_N1	1044	A	G
A_NA_N1	1053	C	T
A_NA_N1	1077	A	C
A_NA_N1	1086	T	C
A_NA_N1	1094	T	C
A_NA_N1	1097	G	A
A_NA_N1	1101	A	C
A_NA_N1	1104	A	G
A_NA_N1	1106	A	G
A_NA_N1	1107	A	C
A_NA_N1	1110	T	C
A_NA_N1	1116	G	A
A_NA_N1	1131	G	A
A_NA_N1	1137	A	G
A_NA_N1	1146	G	A
A_NA_N1	1149	T	G
A_NA_N1	1154	A	G
A_NA_N1	1157	A	G
A_NA_N1	1158	A	C
A_NA_N1	1161	C	T
A_NA_N1	1164	A	G
A_NA_N1	1165	A	G
A_NA_N1	1167	A	G
A_NA_N1	1184	G	C
A_NA_N1	1190	A	C
A_NA_N1	1194	G	T
A_NA_N1	1203	G	A
A_NA_N1	1210	G	A
A_NA_N1	1221	T	C
A_NA_N1	1224	A	G
A_NA_N1	1236	A	G
A_NA_N1	1242	G	A
A_NA_N1	1243	C	T
A_NA_N1	1245	G	A
A_NA_N1	1251	T	C
A_NA_N1	1263	C	T
A_NA_N1	1275	A	G
A_NA_N1	1276	C	T
A_NA_N1	1281	A	C
A_NA_N1	1290	A	G
A_NA_N1	1293	C	T
A_NA_N1	1294	G	A
A_NA_N1	1301	A	G
A_NA_N1	1308	C	T
A_NA_N1	1314	T	C
A_NA_N1	1317	C	T
A_NA_N1	1332	C	T
A_NA_N1	1347	C	T
A_NA_N1	1355	C	T
A_NA_N1	1359	G	T
A_NA_N1	1360	G	A
A_NA_N1	1395	T	C
A_MP	6	T	C
A_MP	30	C	T
A_MP	36	T	C
A_MP	43	A	G
A_MP	45	C	T
A_MP	48	G	A
A_MP	75	A	G
A_MP	80	G	A
A_MP	84	G	T
A_MP	88	A	G
A_MP	89	G	A
A_MP	99	A	T
A_MP	102	A	G
A_MP	105	G	A
A_MP	111	A	C
A_MP	114	T	C
A_MP	117	T	C
A_MP	122	C	T
A_MP	132	A	G
A_MP	153	C	T
A_MP	154	T	C
A_MP	163	C	T
A_MP	171	G	A
A_MP	174	A	G
A_MP	177	T	G
A_MP	180	A	G
A_MP	183	A	G
A_MP	189	G	A
A_MP	189	G	T
A_MP	238	A	G
A_MP	243	A	G
A_MP	252	A	C
A_MP	252	A	T
A_MP	258	A	G
A_MP	264	G	A
A_MP	267	C	T
A_MP	270	G	A
A_MP	273	C	T
A_MP	276	C	T
A_MP	282	T	C
A_MP	284	G	A
A_MP	285	A	G
A_MP	294	A	G
A_MP	297	A	G
A_MP	300	C	T
A_MP	302	A	G
A_MP	306	G	A
A_MP	309	C	G
A_MP	309	C	T
A_MP	312	A	G
A_MP	315	A	G
A_MP	318	A	G
A_MP	324	G	A
A_MP	330	T	C
A_MP	336	C	T
A_MP	339	G	A
A_MP	342	G	A
A_MP	343	G	A
A_MP	345	G	A
A_MP	345	G	C
A_MP	346	T	G
A_MP	348	A	T
A_MP	351	A	C
A_MP	354	C	T
A_MP	357	T	C
A_MP	360	A	T
A_MP	361	A	G
A_MP	363	T	C
A_MP	372	T	C
A_MP	381	C	T
A_MP	387	C	T
A_MP	399	C	T
A_MP	402	G	A
A_MP	408	A	C
A_MP	408	A	G
A_MP	409	A	G
A_MP	411	A	T
A_MP	414	G	A
A_MP	417	C	T
A_MP	420	A	G
A_MP	420	A	T
A_MP	425	C	T
A_MP	426	T	G
A_MP	429	T	A
A_MP	435	T	C
A_MP	438	A	G
A_MP	441	T	A
A_MP	441	T	G
A_MP	447	C	A
A_MP	450	T	A
A_MP	450	T	C
A_MP	456	A	G
A_MP	465	T	A
A_MP	468	T	C
A_MP	471	A	C
A_MP	477	T	C
A_MP	478	C	A
A_MP	486	C	T
A_MP	489	A	G
A_MP	492	A	G
A_MP	497	C	T
A_MP	498	T	A
A_MP	498	T	G
A_MP	499	A	G
A_MP	501	T	A
A_MP	503	C	T
A_MP	504	C	A
A_MP	510	T	C
A_MP	514	C	T
A_MP	519	C	A
A_MP	521	G	A
A_MP	522	G	A
A_MP	528	A	G
A_MP	540	G	T
A_MP	541	C	T
A_MP	546	T	C
A_MP	555	G	A
A_MP	558	A	T
A_MP	570	A	G
A_MP	573	G	A
A_MP	574	G	A
A_MP	579	T	G
A_MP	585	G	A
A_MP	591	A	G
A_MP	594	G	A
A_MP	600	A	G
A_MP	603	G	A
A_MP	613	G	A
A_MP	615	T	C
A_MP	620	A	G
A_MP	622	A	C
A_MP	625	A	G
A_MP	627	T	C
A_MP	630	G	A
A_MP	633	G	A
A_MP	639	A	G
A_MP	642	T	A
A_MP	642	T	G
A_MP	645	A	G
A_MP	652	A	G
A_MP	654	T	A
A_MP	654	T	C
A_MP	671	G	A
A_MP	672	C	T
A_MP	675	C	T
A_MP	679	G	A
A_MP	687	G	A
A_MP	689	G	A
A_MP	691	G	A
A_MP	694	G	A
A_MP	696	C	T
A_MP	715	G	A
A_MP	720	C	T
A_MP	726	G	A
A_MP	735	A	G
A_MP	747	G	A
A_MP	750	G	A
A_MP	760	T	C
A_MP	763	T	G
A_MP	766	C	T
A_MP	767	G	A
A_MP	768	T	C
A_MP	769	C	T
A_MP	770	A	G
A_MP	775	A	C
A_MP	775	A	T
A_MP	778	A	G
A_MP	780	A	G
A_MP	781	C	T
A_MP	785	A	C
A_MP	790	G	A
A_MP	800	C	T
A_MP	804	T	C
A_MP	815	A	C
A_MP	816	C	T
A_MP	829	T	C
A_MP	839	A	G
A_MP	841	T	C
A_MP	844	T	C
A_MP	847	T	A
A_MP	848	C	T
A_MP	849	G	T
A_MP	851	T	C
A_MP	853	T	C
A_MP	854	A	G
A_MP	857	T	C
A_MP	862	T	A
A_MP	862	T	C
A_MP	863	T	C
A_MP	865	G	T
A_MP	869	A	G
A_MP	874	G	C
A_MP	892	G	A
A_MP	895	T	A
A_MP	896	G	A
A_MP	897	A	C
A_MP	901	C	T
A_MP	913	A	G
A_MP	918	A	G
A_MP	919	A	G
A_MP	920	C	A
A_MP	925	G	A
A_MP	933	G	A
A_MP	945	T	C
A_MP	952	T	C
A_MP	953	G	A
A_MP	966	A	G
A_MP	974	C	T
A_MP	976	A	G
A_NS	15	C	T
A_NS	16	A	G
A_NS	24	C	T
A_NS	36	C	T
A_NS	39	T	C
A_NS	52	A	G
A_NS	54	T	C
A_NS	60	G	A
A_NS	62	G	A
A_NS	64	T	G
A_NS	73	A	C
A_NS	75	T	A
A_NS	77	G	A
A_NS	79	T	C
A_NS	81	G	A
A_NS	108	A	T
A_NS	120	A	G
A_NS	122	A	G
A_NS	123	G	A
A_NS	127	T	C
A_NS	131	A	G
A_NS	132	A	G
A_NS	138	A	G
A_NS	143	A	G
A_NS	147	C	T
A_NS	150	T	C
A_NS	153	C	T
A_NS	156	C	A
A_NS	156	C	G
A_NS	163	A	G
A_NS	165	A	G
A_NS	174	T	A
A_NS	174	T	C
A_NS	176	T	G
A_NS	179	T	C
A_NS	183	G	A
A_NS	186	A	G
A_NS	189	A	G
A_NS	192	T	A
A_NS	195	G	A
A_NS	198	A	G
A_NS	199	T	A
A_NS	199	T	C
A_NS	205	T	C
A_NS	213	G	A
A_NS	220	A	G
A_NS	221	G	A
A_NS	222	C	T
A_NS	226	A	G
A_NS	233	G	A
A_NS	240	A	C
A_NS	243	T	G
A_NS	246	A	C
A_NS	256	A	G
A_NS	258	T	G
A_NS	264	T	A
A_NS	268	A	C
A_NS	270	T	A
A_NS	271	T	A
A_NS	282	C	T
A_NS	283	C	A
A_NS	285	C	T
A_NS	292	A	T
A_NS	298	C	A
A_NS	300	A	G
A_NS	308	T	C
A_NS	315	T	A
A_NS	315	T	C
A_NS	321	T	C
A_NS	323	G	A
A_NS	327	A	G
A_NS	331	A	G
A_NS	348	C	T
A_NS	349	G	A
A_NS	351	G	C
A_NS	352	C	A
A_NS	355	T	A
A_NS	366	G	A
A_NS	367	G	A
A_NS	384	A	C
A_NS	385	G	A
A_NS	391	G	A
A_NS	396	A	G
A_NS	408	A	G
A_NS	411	C	T
A_NS	414	C	T
A_NS	415	A	G
A_NS	420	A	G
A_NS	421	T	C
A_NS	423	A	G
A_NS	429	C	T
A_NS	430	T	C
A_NS	432	G	A
A_NS	436	C	T
A_NS	438	A	G
A_NS	453	T	C
A_NS	456	G	A
A_NS	468	A	T
A_NS	474	A	C
A_NS	480	T	C
A_NS	489	A	G
A_NS	496	C	T
A_NS	511	T	A
A_NS	511	T	G
A_NS	512	A	C
A_NS	512	A	T
A_NS	532	G	A
A_NS	537	G	A
A_NS	549	A	G
A_NS	558	G	A
A_NS	566	G	A
A_NS	573	G	A
A_NS	586	G	A
A_NS	590	A	C
A_NS	592	A	C
A_NS	616	T	A
A_NS	619	G	A
A_NS	631	A	G
A_NS	637	T	C
A_NS	642	A	C
A_NS	642	A	T
A_NS	643	C	A
A_NS	649	G	A
A_NS	651	G	A
A_NS	658	T	C
A_NS	660	A	G
A_NS	664	G	A
A_NS	670	G	A
A_NS	676	A	G
A_NS	677	T	C
A_NS	679	G	A
A_NS	682	A	T
A_NS	688	A	G
A_NS	693	A	T
A_NS	694	G	A
A_NS	697	A	G
A_NS	703	G	A
A_NS	707	T	C
A_NS	709	A	G
A_NS	719	A	G
A_NS	721	A	G
A_NS	722	C	A
A_NS	724	G	A
A_NS	736	A	G
A_NS	737	G	A
A_NS	739	G	A
A_NS	745	G	A
A_NS	751	T	C
A_NS	754	C	T
A_NS	757	A	G
A_NS	769	T	C
A_NS	778	C	A
A_NS	791	C	T
A_NS	799	A	G
A_NS	802	G	A
A_NS	805	A	G
A_NS	815	G	A
