gene_name	pos	ref	alt	tool	gap	true_pos
A_MP	6	T	C	IRMA	25	31
A_MP	30	C	T	IRMA	25	55
A_MP	36	T	C	IRMA	25	61
A_MP	43	A	G	IRMA	25	68
A_MP	45	C	T	IRMA	25	70
A_MP	48	G	A	IRMA	25	73
A_MP	75	A	G	IRMA	25	100
A_MP	80	G	A	IRMA	25	105
A_MP	84	G	T	IRMA	25	109
A_MP	88	A	G	IRMA	25	113
A_MP	89	G	A	IRMA	25	114
A_MP	99	A	T	IRMA	25	124
A_MP	102	A	G	IRMA	25	127
A_MP	105	G	A	IRMA	25	130
A_MP	111	A	C	IRMA	25	136
A_MP	114	T	C	IRMA	25	139
A_MP	117	T	C	IRMA	25	142
A_MP	122	C	T	IRMA	25	147
A_MP	132	A	G	IRMA	25	157
A_MP	153	C	T	IRMA	25	178
A_MP	154	T	C	IRMA	25	179
A_MP	163	C	T	IRMA	25	188
A_MP	171	G	A	IRMA	25	196
A_MP	174	A	G	IRMA	25	199
A_MP	177	T	G	IRMA	25	202
A_MP	180	A	G	IRMA	25	205
A_MP	183	A	G	IRMA	25	208
A_MP	189	G	A	IRMA	25	214
A_MP	189	G	T	IRMA	25	214
A_MP	238	A	G	IRMA	25	263
A_MP	243	A	G	IRMA	25	268
A_MP	252	A	C	IRMA	25	277
A_MP	252	A	T	IRMA	25	277
A_MP	258	A	G	IRMA	25	283
A_MP	264	G	A	IRMA	25	289
A_MP	267	C	T	IRMA	25	292
A_MP	270	G	A	IRMA	25	295
A_MP	273	C	T	IRMA	25	298
A_MP	276	C	T	IRMA	25	301
A_MP	282	T	C	IRMA	25	307
A_MP	284	G	A	IRMA	25	309
A_MP	285	A	G	IRMA	25	310
A_MP	294	A	G	IRMA	25	319
A_MP	297	A	G	IRMA	25	322
A_MP	300	C	T	IRMA	25	325
A_MP	302	A	G	IRMA	25	327
A_MP	306	G	A	IRMA	25	331
A_MP	309	C	G	IRMA	25	334
A_MP	309	C	T	IRMA	25	334
A_MP	312	A	G	IRMA	25	337
A_MP	315	A	G	IRMA	25	340
A_MP	318	A	G	IRMA	25	343
A_MP	324	G	A	IRMA	25	349
A_MP	330	T	C	IRMA	25	355
A_MP	336	C	T	IRMA	25	361
A_MP	339	G	A	IRMA	25	364
A_MP	342	G	A	IRMA	25	367
A_MP	343	G	A	IRMA	25	368
A_MP	345	G	A	IRMA	25	370
A_MP	345	G	C	IRMA	25	370
A_MP	346	T	G	IRMA	25	371
A_MP	348	A	T	IRMA	25	373
A_MP	351	A	C	IRMA	25	376
A_MP	354	C	T	IRMA	25	379
A_MP	357	T	C	IRMA	25	382
A_MP	360	A	T	IRMA	25	385
A_MP	361	A	G	IRMA	25	386
A_MP	363	T	C	IRMA	25	388
A_MP	372	T	C	IRMA	25	397
A_MP	381	C	T	IRMA	25	406
A_MP	387	C	T	IRMA	25	412
A_MP	399	C	T	IRMA	25	424
A_MP	402	G	A	IRMA	25	427
A_MP	408	A	C	IRMA	25	433
A_MP	408	A	G	IRMA	25	433
A_MP	409	A	G	IRMA	25	434
A_MP	411	A	T	IRMA	25	436
A_MP	414	G	A	IRMA	25	439
A_MP	417	C	T	IRMA	25	442
A_MP	420	A	G	IRMA	25	445
A_MP	420	A	T	IRMA	25	445
A_MP	425	C	T	IRMA	25	450
A_MP	426	T	G	IRMA	25	451
A_MP	429	T	A	IRMA	25	454
A_MP	435	T	C	IRMA	25	460
A_MP	438	A	G	IRMA	25	463
A_MP	441	T	A	IRMA	25	466
A_MP	441	T	G	IRMA	25	466
A_MP	447	C	A	IRMA	25	472
A_MP	450	T	A	IRMA	25	475
A_MP	450	T	C	IRMA	25	475
A_MP	456	A	G	IRMA	25	481
A_MP	465	T	A	IRMA	25	490
A_MP	468	T	C	IRMA	25	493
A_MP	471	A	C	IRMA	25	496
A_MP	477	T	C	IRMA	25	502
A_MP	478	C	A	IRMA	25	503
A_MP	486	C	T	IRMA	25	511
A_MP	489	A	G	IRMA	25	514
A_MP	492	A	G	IRMA	25	517
A_MP	497	C	T	IRMA	25	522
A_MP	498	T	A	IRMA	25	523
A_MP	498	T	G	IRMA	25	523
A_MP	499	A	G	IRMA	25	524
A_MP	501	T	A	IRMA	25	526
A_MP	503	C	T	IRMA	25	528
A_MP	504	C	A	IRMA	25	529
A_MP	510	T	C	IRMA	25	535
A_MP	514	C	T	IRMA	25	539
A_MP	519	C	A	IRMA	25	544
A_MP	521	G	A	IRMA	25	546
A_MP	522	G	A	IRMA	25	547
A_MP	528	A	G	IRMA	25	553
A_MP	540	G	T	IRMA	25	565
A_MP	541	C	T	IRMA	25	566
A_MP	546	T	C	IRMA	25	571
A_MP	555	G	A	IRMA	25	580
A_MP	558	A	T	IRMA	25	583
A_MP	570	A	G	IRMA	25	595
A_MP	573	G	A	IRMA	25	598
A_MP	574	G	A	IRMA	25	599
A_MP	579	T	G	IRMA	25	604
A_MP	585	G	A	IRMA	25	610
A_MP	591	A	G	IRMA	25	616
A_MP	594	G	A	IRMA	25	619
A_MP	600	A	G	IRMA	25	625
A_MP	603	G	A	IRMA	25	628
A_MP	613	G	A	IRMA	25	638
A_MP	615	T	C	IRMA	25	640
A_MP	620	A	G	IRMA	25	645
A_MP	622	A	C	IRMA	25	647
A_MP	625	A	G	IRMA	25	650
A_MP	627	T	C	IRMA	25	652
A_MP	630	G	A	IRMA	25	655
A_MP	633	G	A	IRMA	25	658
A_MP	639	A	G	IRMA	25	664
A_MP	642	T	A	IRMA	25	667
A_MP	642	T	G	IRMA	25	667
A_MP	645	A	G	IRMA	25	670
A_MP	652	A	G	IRMA	25	677
A_MP	654	T	A	IRMA	25	679
A_MP	654	T	C	IRMA	25	679
A_MP	671	G	A	IRMA	25	696
A_MP	672	C	T	IRMA	25	697
A_MP	675	C	T	IRMA	25	700
A_MP	679	G	A	IRMA	25	704
A_MP	687	G	A	IRMA	25	712
A_MP	689	G	A	IRMA	25	714
A_MP	691	G	A	IRMA	25	716
A_MP	694	G	A	IRMA	25	719
A_MP	696	C	T	IRMA	25	721
A_MP	715	G	A	IRMA	25	740
A_MP	720	C	T	IRMA	25	745
A_MP	726	G	A	IRMA	25	751
A_MP	735	A	G	IRMA	25	760
A_MP	747	G	A	IRMA	25	772
A_MP	750	G	A	IRMA	25	775
A_MP	760	T	C	IRMA	25	785
A_MP	763	T	G	IRMA	25	788
A_MP	766	C	T	IRMA	25	791
A_MP	767	G	A	IRMA	25	792
A_MP	768	T	C	IRMA	25	793
A_MP	769	C	T	IRMA	25	794
A_MP	770	A	G	IRMA	25	795
A_MP	775	A	C	IRMA	25	800
A_MP	775	A	T	IRMA	25	800
A_MP	778	A	G	IRMA	25	803
A_MP	780	A	G	IRMA	25	805
A_MP	781	C	T	IRMA	25	806
A_MP	785	A	C	IRMA	25	810
A_MP	790	G	A	IRMA	25	815
A_MP	800	C	T	IRMA	25	825
A_MP	804	T	C	IRMA	25	829
A_MP	815	A	C	IRMA	25	840
A_MP	816	C	T	IRMA	25	841
A_MP	829	T	C	IRMA	25	854
A_MP	839	A	G	IRMA	25	864
A_MP	841	T	C	IRMA	25	866
A_MP	844	T	C	IRMA	25	869
A_MP	847	T	A	IRMA	25	872
A_MP	848	C	T	IRMA	25	873
A_MP	849	G	T	IRMA	25	874
A_MP	851	T	C	IRMA	25	876
A_MP	853	T	C	IRMA	25	878
A_MP	854	A	G	IRMA	25	879
A_MP	857	T	C	IRMA	25	882
A_MP	862	T	A	IRMA	25	887
A_MP	862	T	C	IRMA	25	887
A_MP	863	T	C	IRMA	25	888
A_MP	865	G	T	IRMA	25	890
A_MP	869	A	G	IRMA	25	894
A_MP	874	G	C	IRMA	25	899
A_MP	892	G	A	IRMA	25	917
A_MP	895	T	A	IRMA	25	920
A_MP	896	G	A	IRMA	25	921
A_MP	897	A	C	IRMA	25	922
A_MP	901	C	T	IRMA	25	926
A_MP	913	A	G	IRMA	25	938
A_MP	918	A	G	IRMA	25	943
A_MP	919	A	G	IRMA	25	944
A_MP	920	C	A	IRMA	25	945
A_MP	925	G	A	IRMA	25	950
A_MP	933	G	A	IRMA	25	958
A_MP	945	T	C	IRMA	25	970
A_MP	952	T	C	IRMA	25	977
A_MP	953	G	A	IRMA	25	978
A_MP	966	A	G	IRMA	25	991
A_MP	974	C	T	IRMA	25	999
A_MP	976	A	G	IRMA	25	1001
M	258	G	A	INSaFLU	25	283
M	441	G	T	INSaFLU	25	466
